count,replicate,ordering_fraction,dimension_estimate,longest_chain
64,0,0.529265873015873,1.9238308413712364,15
64,1,0.4836309523809524,2.044274822495379,12
64,2,0.4305555555555556,2.1973411971513674,12
64,3,0.5014880952380952,1.9960367753711132,13
64,4,0.5818452380952381,1.7954391820913913,14
64,5,0.46378968253968256,2.0997036011381667,13
64,6,0.5456349206349206,1.8827643618540022,15
64,7,0.42857142857142855,2.203376686799537,11
64,8,0.4479166666666667,2.1455467183278314,12
64,9,0.5674603174603174,1.829577691801014,15
64,10,0.5476190476190477,1.8778568894909282,12
64,11,0.4399801587301587,2.1690019235245055,12
64,12,0.4955357142857143,2.0119504030102346,13
64,13,0.5431547619047619,1.888919685621003,17
64,14,0.4851190476190476,2.040197173860158,16
64,15,0.4573412698412698,2.1181602201773204,12
64,16,0.41220238095238093,2.25413130751646,11
64,17,0.5069444444444444,1.981590186729904,13
64,18,0.5620039682539683,1.8427132783469546,15
64,19,0.527281746031746,1.928880780399072,13
64,20,0.46378968253968256,2.0997036011381667,12
64,21,0.5783730158730159,1.8036155667447558,17
64,22,0.4871031746031746,2.034776993759899,13
64,23,0.44990079365079366,2.13973968043307,12
64,24,0.44246031746031744,2.1616326989444072,11
64,25,0.49206349206349204,2.021308974409534,14
64,26,0.46081349206349204,2.108194166059487,12
64,27,0.5099206349206349,1.973765916370231,13
64,28,0.4623015873015873,2.1039429545273687,12
64,29,0.5744047619047619,1.8130094014121494,16
64,30,0.3412698412698413,2.497221456536276,9
64,31,0.4211309523809524,2.2262310441132054,14
64,32,0.4816468253968254,2.049728502598605,12
64,33,0.566468253968254,1.831958202798942,13
64,34,0.5059523809523809,1.984206958382022,13
64,35,0.5109126984126984,1.9711664489223415,14
64,36,0.4642857142857143,2.098293104926282,13
64,37,0.41617063492063494,2.2416659195125628,12
64,38,0.5362103174603174,1.9062804857400157,12
64,39,0.5193452380952381,1.949242131136706,15
64,40,0.45882936507936506,2.1138810308665557,13
64,41,0.46577380952380953,2.0940694406872447,15
64,42,0.5515873015873016,1.868086223292108,14
64,43,0.5496031746031746,1.872964214422709,15
64,44,0.5545634920634921,1.8607965238874706,16
64,45,0.408234126984127,2.2667033595624044,11
64,46,0.4419642857142857,2.163103646683981,13
64,47,0.5322420634920635,1.9162857147232737,14
64,48,0.4236111111111111,2.218573672870263,12
64,49,0.4871031746031746,2.034776993759899,14
64,50,0.4826388888888889,2.046999251835635,14
64,51,0.44047619047619047,2.167525174746079,12
64,52,0.5238095238095238,1.9377568250193957,16
64,53,0.4801587301587302,2.0538314640408726,12
64,54,0.5,2.0000000000000115,11
64,55,0.5198412698412699,1.9479618758706791,15
64,56,0.4816468253968254,2.049728502598605,13
64,57,0.4990079365079365,2.0026477456263705,13
64,58,0.4885912698412698,2.030724284186772,13
64,59,0.41517857142857145,2.2447723805511286,12
64,60,0.5148809523809523,1.9608112275610234,14
64,61,0.45188492063492064,2.1339549371626507,12
64,62,0.5625,1.8415147915548804,14
64,63,0.4756944444444444,2.066206420293432,14
64,64,0.4930555555555556,2.0186293436046885,13
64,65,0.5466269841269841,1.8803087688795739,14
64,66,0.5138888888888888,1.9633936701636712,15
64,67,0.5188492063492064,1.95052342081264,13
64,68,0.4722222222222222,2.075900845955258,10
64,69,0.48660714285714285,2.036130258703844,12
64,70,0.5376984126984127,1.9025445333561664,14
64,71,0.47371031746031744,2.0717385801890735,11
64,72,0.5654761904761905,1.8343421552825645,14
64,73,0.5302579365079365,1.9213118439095327,12
64,74,0.4965277777777778,2.009286831018831,14
64,75,0.4419642857142857,2.163103646683981,11
64,76,0.5525793650793651,1.8656526990998958,13
64,77,0.5029761904761905,1.992083567978433,14
64,78,0.48115079365079366,2.051094942451068,13
64,79,0.43898809523809523,2.1719598003924405,12
64,80,0.5267857142857143,1.930145765025203,16
64,81,0.5267857142857143,1.930145765025203,14
64,82,0.4037698412698413,2.2809770595584875,10
64,83,0.5124007936507936,1.9672752713621895,13
64,84,0.4965277777777778,2.009286831018831,11
64,85,0.5223214285714286,1.9415760433582674,14
64,86,0.41865079365079366,2.2339282984637423,12
64,87,0.4623015873015873,2.1039429545273687,12
64,88,0.4662698412698413,2.092664151191006,14
64,89,0.470734126984127,2.080074461306539,12
64,90,0.4990079365079365,2.0026477456263705,14
64,91,0.5406746031746031,1.8950985356023284,12
64,92,0.5009920634920635,1.997356734155794,11
64,93,0.4573412698412698,2.1181602201773204,12
64,94,0.4955357142857143,2.0119504030102346,13
64,95,0.49206349206349204,2.021308974409534,12
64,96,0.4930555555555556,2.0186293436046885,11
64,97,0.44990079365079366,2.13973968043307,12
64,98,0.46478174603174605,2.0968839146947356,12
64,99,0.5337301587301587,1.9125264391793941,13
128,0,0.4809301181102362,2.0517032365308374,18
128,1,0.5290354330708661,1.9244165313128785,23
128,2,0.5228838582677166,1.9401314809203707,23
128,3,0.50123031496063,1.9967225991467168,19
128,4,0.5036909448818898,1.9901883263662101,16
128,5,0.5258366141732284,1.9325689685047538,19
128,6,0.4953248031496063,2.0125172619079863,19
128,7,0.5047982283464567,1.9872567745500431,22
128,8,0.468503937007874,2.086350820240029,19
128,9,0.5547490157480315,1.8603431905491847,22
128,10,0.46973425196850394,2.0828851924058984,22
128,11,0.49138779527559057,2.0231367276930983,19
128,12,0.48511318897637795,2.040213206504392,18
128,13,0.4981545275590551,2.0049290308661694,19
128,14,0.4719488188976378,2.076666798679961,17
128,15,0.5052903543307087,1.9859556201259256,20
128,16,0.4431594488188976,2.15956192101584,18
128,17,0.43651574803149606,2.1793567676119645,18
128,18,0.5127952755905512,1.9662453600343843,17
128,19,0.5636072834645669,1.838842577916664,25
128,20,0.468996062992126,2.0849636252063077,17
128,21,0.5226377952755905,1.9407633154942177,19
128,22,0.484990157480315,2.0405499304718,17
128,23,0.5220226377952756,1.9423440014174596,22
128,24,0.4390994094488189,2.171627621181344,15
128,25,0.5228838582677166,1.9401314809203707,22
128,26,0.516486220472441,1.9566414679197008,18
128,27,0.45410925196850394,2.127496133953057,17
128,28,0.48843503937007876,2.03114926747846,19
128,29,0.51439468503937,1.9620765036052457,20
128,30,0.469365157480315,2.0839240552908214,16
128,31,0.5270669291338582,1.9294284852733197,19
128,32,0.5014763779527559,1.9960679426554517,18
128,33,0.5091043307086615,1.9759080719475919,21
128,34,0.5072588582677166,1.9807617647293985,20
128,35,0.48720472440944884,2.034500093303932,17
128,36,0.5054133858267716,1.9856305001085053,19
128,37,0.5249753937007874,1.9347709936942972,18
128,38,0.4981545275590551,2.0049290308661694,18
128,39,0.4864665354330709,2.036514076825658,20
128,40,0.5674212598425197,1.8296713477873707,18
128,41,0.5178395669291339,1.9531346043436917,20
128,42,0.4581692913385827,2.115777657878221,22
128,43,0.5296505905511811,1.9228535149339447,20
128,44,0.47281003937007876,2.074255344310227,18
128,45,0.4970472440944882,2.007893940334369,18
128,46,0.4794537401574803,2.055779078926575,18
128,47,0.49446358267716534,2.01483408064755,20
128,48,0.49889271653543305,2.0029555505975143,22
128,49,0.49753937007874016,2.0065755068041486,19
128,50,0.4672736220472441,2.0898243338507196,19
128,51,0.46272145669291337,2.102745614026307,18
128,52,0.48634350393700787,2.0368499958380397,18
128,53,0.5246062992125984,1.935715651311187,21
128,54,0.49187992125984253,2.021805318832868,17
128,55,0.49126476377952755,2.0234697584083983,19
128,56,0.47576279527559057,2.0660161990071058,18
128,57,0.48548228346456695,2.0392034746697747,19
128,58,0.5265748031496063,1.9306839365697885,21
128,59,0.4905265748031496,2.025469444968574,19
128,60,0.4968011811023622,2.0085535754826567,20
128,61,0.5399852362204725,1.8968201732212766,21
128,62,0.46801181102362205,2.0877392769943133,18
128,63,0.5024606299212598,1.993452052929675,18
128,64,0.5083661417322834,1.977847751260928,23
128,65,0.5290354330708661,1.9244165313128785,18
128,66,0.47576279527559057,2.0660161990071058,22
128,67,0.5199311023622047,1.9477301290869107,19
128,68,0.5216535433070866,1.9432931681523875,21
128,69,0.4921259842519685,2.0211400422834176,18
128,70,0.5513041338582677,1.8687814992684373,24
128,71,0.5537647637795275,1.8627496826928807,22
128,72,0.5488435039370079,1.8748357516551546,21
128,73,0.5294045275590551,1.9234785381003299,20
128,74,0.5066437007874016,1.982382999466588,20
128,75,0.5302657480314961,1.921292025019427,20
128,76,0.5115649606299213,1.9694596845901378,21
128,77,0.47773129921259844,2.060547915649851,18
128,78,0.4972933070866142,2.007234584204066,19
128,79,0.4923720472440945,2.020475050592269,21
128,80,0.5430610236220472,1.889152787738908,20
128,81,0.531988188976378,1.9169279423237153,21
128,82,0.453248031496063,2.129993588290637,17
128,83,0.43823818897637795,2.1741995644304746,15
128,84,0.47773129921259844,2.060547915649851,20
128,85,0.5205462598425197,1.9461440762338034,20
128,86,0.5237450787401575,1.9379220344259092,18
128,87,0.4613681102362205,2.1066083338281563,18
128,88,0.5065206692913385,1.982707447354164,18
128,89,0.4740403543307087,2.0708169833231906,20
128,90,0.4826525590551181,2.0469616777729223,19
128,91,0.5294045275590551,1.9234785381003299,20
128,92,0.4826525590551181,2.0469616777729223,19
128,93,0.5243602362204725,1.9363457345139077,20
128,94,0.49298720472440943,2.0188138156775888,17
128,95,0.5593011811023622,1.8492590334655106,20
128,96,0.5239911417322834,1.9372913271236578,21
128,97,0.47625492125984253,2.0646473013194098,17
128,98,0.44611220472440943,2.150847451089941,17
128,99,0.4906496062992126,2.025135984847272,17
256,0,0.49347426470588235,2.0174997670081933,29
256,1,0.4792279411764706,2.056403395791612,25
256,2,0.4847120098039216,2.041311461378161,27
256,3,0.5062806372549019,1.9833406318929243,28
256,4,0.4902267156862745,2.0262824726840267,26
256,5,0.49846813725490197,2.0040903192812722,31
256,6,0.5002757352941176,1.9992648788502345,28
256,7,0.5280330882352942,1.9269666082887669,28
256,8,0.489031862745098,2.029526396464749,27
256,9,0.5038296568627451,1.9898207834431156,28
256,10,0.4777879901960784,2.0603907224858404,28
256,11,0.49583333333333335,2.011150853026246,28
256,12,0.4840992647058823,2.042990400914025,26
256,13,0.5246629901960784,1.935570520413695,29
256,14,0.469546568627451,2.0834133625059406,29
256,15,0.5227634803921568,1.940440552936878,30
256,16,0.4846200980392157,2.0415631859735424,28
256,17,0.5113664215686274,1.969979002969314,29
256,18,0.4992953431372549,2.001880216138222,29
256,19,0.5012561274509804,1.9966539115293678,29
256,20,0.4975796568627451,2.006467625567495,27
256,21,0.4943014705882353,2.01527057374229,28
256,22,0.46807598039215687,2.0875581614933654,26
256,23,0.4980392156862745,2.005237532068051,27
256,24,0.5157169117647059,1.9586384115830286,29
256,25,0.4994178921568627,2.0015530593833084,27
256,26,0.49580269607843136,2.0112331406903365,26
256,27,0.516390931372549,1.9568886791702027,29
256,28,0.4912377450980392,2.023542904135886,28
256,29,0.5329656862745098,1.914456573778325,30
256,30,0.5077818627450981,1.9793847120525903,32
256,31,0.4814950980392157,2.0501463438098826,30
256,32,0.499969362745098,2.0000817014827317,28
256,33,0.4744791666666667,2.0695924988216197,28
256,34,0.5040441176470588,1.9892526997608029,27
256,35,0.484375,2.042234652217089,28
256,36,0.47092524509803924,2.0795378003536245,26
256,37,0.47791053921568627,2.0600509726251826,28
256,38,0.473406862745098,2.0725864383078236,28
256,39,0.49136029411764703,2.0232111636522023,26
256,40,0.47408088235294116,2.070703850837234,28
256,41,0.5017769607843138,1.995268606455992,26
256,42,0.4725183823529412,2.07507157118593,30
256,43,0.48051470588235295,2.0528489762062336,27
256,44,0.4979779411764706,2.0054014884952016,25
256,45,0.49491421568627453,2.0136213766816833,29
256,46,0.45965073529411765,2.1115242498073754,25
256,47,0.5467524509803922,1.8799984734172936,29
256,48,0.5169730392156863,1.9553791023684137,28
256,49,0.5106311274509804,1.9719038029785072,28
256,50,0.4932904411764706,2.0179955776060514,26
256,51,0.5122855392156863,1.9675763040047443,32
256,52,0.4947916666666667,2.013951076287263,25
256,53,0.49267769607843137,2.019649422834837,26
256,54,0.478125,2.059456591027846,28
256,55,0.503921568627451,1.9895772937888212,26
256,56,0.4950980392156863,2.0131269581955658,27
256,57,0.48238357843137253,2.0477011709822297,25
256,58,0.5115808823529412,1.969418045569104,26
256,59,0.4716605392156863,2.07747484369639,29
256,60,0.4649816176470588,2.096316462411235,27
256,61,0.49629289215686273,2.009917059466065,28
256,62,0.521844362745098,1.942802384362346,35
256,63,0.5542279411764706,1.861616773685878,29
256,64,0.5401960784313725,1.8962934169159937,30
256,65,0.46706495098039214,2.0904142542461908,28
256,66,0.5147671568627451,1.961107234670448,28
256,67,0.5194546568627451,1.9489596330368535,26
256,68,0.5329963235294117,1.9143791763507134,26
256,69,0.4955575980392157,2.011891598584519,29
256,70,0.5181678921568628,1.952284999823927,28
256,71,0.49503676470588237,2.0132917469073037,27
256,72,0.47760416666666666,2.0609004881558834,28
256,73,0.5103860294117647,1.9725459259829774,28
256,74,0.4977328431372549,2.006057486595993,27
256,75,0.5126531862745098,1.966616248581741,26
256,76,0.5160232843137255,1.9578428387083584,31
256,77,0.5240502450980392,1.9371398709224545,31
256,78,0.4745404411764706,2.069421593077187,28
256,79,0.48762254901960783,2.0333613130406025,28
256,80,0.43480392156862746,2.184499899957026,27
256,81,0.5210171568627451,1.9449310383594538,28
256,82,0.5018688725490196,1.9950242681587802,25
256,83,0.468780637254902,2.085570707937611,26
256,84,0.5017463235294117,1.9953500610362254,28
256,85,0.4901348039215686,2.0265317644514327,29
256,86,0.5322303921568627,1.9163152341118541,33
256,87,0.4878676470588235,2.0326936884381155,25
256,88,0.5066176470588235,1.9824517004829758,27
256,89,0.49589460784313727,2.0109862907403615,28
256,90,0.4829044117647059,2.0462695946579457,30
256,91,0.5246323529411765,1.9356489512136463,28
256,92,0.49497549019607845,2.013456553067844,31
256,93,0.4915747549019608,2.0226307883538635,27
256,94,0.5125612745098039,1.9668562076609528,28
256,95,0.4550857843137255,2.1246692709665624,25
256,96,0.5231924019607843,1.9393395644972888,32
256,97,0.49172794117647056,2.0222163673721063,34
256,98,0.47408088235294116,2.070703850837234,27
256,99,0.47043504901960786,2.08091465246644,23
512,0,0.4971639554794521,2.0075811630186817,39
512,1,0.48848000244618395,2.0310269454816785,39
512,2,0.5048847235812133,1.98702800762774,39
512,3,0.4853076076320939,2.039681253125796,39
512,4,0.50610781555773,1.983796679340366,40
512,5,0.4798036937377691,2.05481198437547,38
512,6,0.49645303326810175,2.009487352536672,44
512,7,0.4860873287671233,2.037549677889249,38
512,8,0.5130029965753424,1.9657033133139608,42
512,9,0.5118563478473581,1.9686978131009183,43
512,10,0.5069716242661448,1.9815185556951738,40
512,11,0.49024584148727984,2.026230602917048,40
512,12,0.5074608610567515,1.9802297553251222,40
512,13,0.4872263331702544,2.0344411781104434,40
512,14,0.5118028375733855,1.9688376953886433,41
512,15,0.48917563600782776,2.02913570482978,40
512,16,0.5390854329745597,1.8990701276669637,42
512,17,0.4759509540117417,2.065492672469558,42
512,18,0.48211227984344424,2.0484473962650815,39
512,19,0.5229941291585127,1.939848411446477,41
512,20,0.49548984833659493,2.0120736578479304,39
512,21,0.48585799902152643,2.0381763067080465,38
512,22,0.5055803571428571,1.9851893735452075,40
512,23,0.4933188600782779,2.017918915534744,41
512,24,0.49805834148727984,2.0051863593733477,40
512,25,0.5058708414872799,1.9844222296301037,40
512,26,0.49832589285714285,2.0044706790254114,43
512,27,0.5045483732876712,1.9879177912323762,41
512,28,0.48971838307240706,2.0276617227984777,38
512,29,0.5075296599804305,1.9800486025363675,42
512,30,0.5063906555772995,1.983050381012237,43
512,31,0.518728595890411,1.9508351238467136,42
512,32,0.5082711594911937,1.9780975022090075,41
512,33,0.49816536203522505,2.0049000478366374,40
512,34,0.5188356164383562,1.9505585392173468,46
512,35,0.5097541585127201,1.9742025491904633,41
512,36,0.4967588062622309,2.008667200325702,41
512,37,0.5022092098825832,1.9941198472557846,40
512,38,0.4739404965753425,2.071095768223994,37
512,39,0.5257766634050881,1.9327221560815748,40
512,40,0.507713123776908,1.9795656305093807,40
512,41,0.48586564334637966,2.038155414988104,40
512,42,0.47973489481409004,2.05500206178399,40
512,43,0.5048388576320939,1.9871493120269792,41
512,44,0.49999235567514677,2.00002038499928,38
512,45,0.5011466487279843,1.996945257614722,39
512,46,0.5288955479452054,1.9247721703663092,44
512,47,0.49608610567514677,2.010472105395215,40
512,48,0.5080341854207436,1.9787207864482772,41
512,49,0.4875856164383562,2.0334619389760578,39
512,50,0.503103595890411,1.9917455719760957,41
512,51,0.4679014799412916,2.088050732366807,41
512,52,0.4888622186888454,2.029987516514506,37
512,53,0.49698813600782776,2.0080523692928742,43
512,54,0.4772810665362035,2.0617968953659256,39
512,55,0.5016435298434442,1.9956233872884714,39
512,56,0.4847954378669276,2.0410830071503305,40
512,57,0.5062607020547946,1.9833932307797295,43
512,58,0.5110613380626223,1.970777343203669,42
512,59,0.519431873776908,1.94901845041102,42
512,60,0.5031571061643836,1.9916036354069897,45
512,61,0.4961243272994129,2.0103694979234423,41
512,62,0.49070450097847357,2.0249872234145125,40
512,63,0.501337756849315,1.9964367137191072,42
512,64,0.5140502690802349,1.9629732933858752,44
512,65,0.5093184319960861,1.9753459425301207,43
512,66,0.49115551614481406,2.023765537862957,42
512,67,0.48671416340508805,2.035838186986621,39
512,68,0.5007567881604696,1.9979832003228115,41
512,69,0.5040514921722113,1.9892331690944685,42
512,70,0.4969116927592955,2.0082572860234458,39
512,71,0.49741621819960863,2.006905333125707,40
512,72,0.5060543052837574,1.9839379108395208,40
512,73,0.4734512597847358,2.072462362846569,39
512,74,0.49124724804305286,2.0235171771053064,39
512,75,0.4925850048923679,2.0198997566821513,38
512,76,0.5232846135029354,1.9391029684145684,41
512,77,0.4846654843444227,2.041438878485514,40
512,78,0.5223214285714286,1.9415760433582674,39
512,79,0.5051369863013698,1.986361001106217,41
512,80,0.4936857876712329,2.0169294408169884,41
512,81,0.5237126956947162,1.9380050570846628,44
512,82,0.49616254892367906,2.0102668972099997,43
512,83,0.49573446673189825,2.0114164114264126,42
512,84,0.5091884784735812,1.9756871154842794,39
512,85,0.514356042074364,1.9621770967468692,41
512,86,0.49549749266144816,2.012053114697395,42
512,87,0.5070710004892368,1.9812566825287077,45
512,88,0.4967817392367906,2.0086057063068865,40
512,89,0.5089056384540117,1.976429924237423,38
512,90,0.509914689334638,1.9737815083141927,41
512,91,0.4986087328767123,2.003714459426889,40
512,92,0.4973244863013699,2.0071510555562173,41
512,93,0.48077452299412915,2.052132280293952,43
512,94,0.4909720523483366,2.024262378649982,41
512,95,0.5088750611545988,1.9765102489001132,42
512,96,0.48890044031311153,2.0298836119653,41
512,97,0.5127736668297456,1.966301758667134,41
512,98,0.5077054794520548,1.9795857513804946,41
512,99,0.5027978228962818,1.9925568849884159,44
1024,0,0.5019550342130987,1.9947952505813547,56
1024,1,0.4884778989491691,2.0310326678274877,57
1024,2,0.5043682795698925,1.9883944201787283,59
1024,3,0.4920118523949169,2.021448583308508,61
1024,4,0.5060655700146628,1.9839081783932764,55
1024,5,0.5138666147360704,1.9634517005516752,57
1024,6,0.49941769000488756,2.0015535989916087,56
1024,7,0.5052713373655914,1.9860058799054583,55
1024,8,0.4928538153714565,2.019173883309262,57
1024,9,0.5079805107526881,1.978861994769921,66
1024,10,0.48523414589442815,2.0398822319589955,58
1024,11,0.5101207386363636,1.9732412463731654,63
1024,12,0.4942265395894428,2.0154723697620707,56
1024,13,0.48684361253665687,2.0354849786950244,58
1024,14,0.505626451001955,1.9850676186295741,63
1024,15,0.5077399499022482,1.9794950226480093,63
1024,16,0.5058211907380255,1.9845533263739596,60
1024,17,0.4937836021505376,2.0166657758286237,63
1024,18,0.5150140518084066,1.9604650770862433,57
1024,19,0.49483748778103614,2.013827793332064,60
1024,20,0.4977127627077224,2.006111243538725,61
1024,21,0.49982626160801563,2.000463371092381,56
1024,22,0.4930237353372434,2.0187152204746486,57
1024,23,0.49257697947214074,2.0199214330711195,57
1024,24,0.5125855327468231,1.9667928718069463,63
1024,25,0.5011264357282502,1.9969990546279741,61
1024,26,0.5089885752688172,1.9762120750350882,65
1024,27,0.49498640640273706,2.01342719116196,56
1024,28,0.49528615285923755,2.0126211633982405,59
1024,29,0.5045878390762464,1.9878133619845002,61
1024,30,0.5149758675464321,1.960564374795038,59
1024,31,0.4928538153714565,2.019173883309262,62
1024,32,0.5083069861925709,1.9780032930689357,59
1024,33,0.48900866019061584,2.0295894566690746,55
1024,34,0.5065142350928641,1.9827244169038545,60
1024,35,0.48674242424242425,2.0357610690268237,55
1024,36,0.49777003910068424,2.005957914871908,63
1024,37,0.4943907319159335,2.0150302189993816,59
1024,38,0.4873457355816227,2.034115673908372,56
1024,39,0.5112700849217986,1.9702310522941728,58
1024,40,0.5042575452101662,1.9886875573454381,55
1024,41,0.4816161870723363,2.049812868198631,61
1024,42,0.4980449657869013,2.0052221470120717,58
1024,43,0.4979170485092864,2.0055644402737713,59
1024,44,0.4937358718230694,2.016794430297747,63
1024,45,0.5064550494868035,1.982880521575747,56
1024,46,0.5023788795210166,1.9936691581145558,59
1024,47,0.4986482771260997,2.003608760524859,60
1024,48,0.5099794568670577,1.9736116676521889,61
1024,49,0.4970941776637341,2.007768154522652,54
1024,50,0.5101646505376344,1.973126133186355,63
1024,51,0.5231186614125122,1.9395287930894713,63
1024,52,0.5117092039345064,1.9690824948401222,56
1024,53,0.5124137035679375,1.9672415555744045,62
1024,54,0.5109054252199413,1.9711854909983382,60
1024,55,0.5091928610703812,1.9756756084460163,61
1024,56,0.4830824627321603,2.0457805036449317,57
1024,57,0.5077934078690127,1.9793543277502774,64
1024,58,0.5017679313294232,1.9952926124237491,63
1024,59,0.5040799883919843,1.9891577020942222,61
1024,60,0.502439974340176,1.9935069052766603,60
1024,61,0.5090229411045943,1.9761218155191165,61
1024,62,0.5193670576735093,1.9491857931876662,61
1024,63,0.5151018756109482,1.9602367160292746,57
1024,64,0.4954331622678397,2.0122260029041943,61
1024,65,0.5199512768817204,1.9476780882242974,60
1024,66,0.5094257850684262,1.9750641593631022,65
1024,67,0.4932184750733138,2.0181897283578607,60
1024,68,0.4903947489002933,2.0258268207023487,57
1024,69,0.4839225164956012,2.0434750356435734,62
1024,70,0.49844780975073316,2.0041446690959988,58
1024,71,0.5151992454789834,1.9599835716808995,60
1024,72,0.47942059200879766,2.055870715151208,60
1024,73,0.5107755987292277,1.9715254307840326,62
1024,74,0.49345712671065495,2.0175459850906794,58
1024,75,0.5188668438416423,1.9504778439991546,61
1024,76,0.48889219819159335,2.0299060173814305,59
1024,77,0.49251970307917886,2.0200761434562753,57
1024,78,0.4962617607526882,2.010000608179619,56
1024,79,0.5162989522238515,1.9571273399626197,56
1024,80,0.4796706989247312,2.0551794431222357,60
1024,81,0.4968574352394917,2.0084027471795562,60
1024,82,0.497334738514174,2.0071235910097682,66
1024,83,0.501240988514174,1.9966941962148372,58
1024,84,0.498117515884653,2.005028043909414,59
1024,85,0.5108806054496579,1.9712504738156158,59
1024,86,0.5047119379276638,1.987485033027649,63
1024,87,0.4902324657869013,2.0262668780499684,61
1024,88,0.5036408693792767,1.9903210318116205,61
1024,89,0.4803713801319648,2.05324447780445,59
1024,90,0.4956412664956012,2.01166679128783,57
1024,91,0.5073905639051809,1.98041487463744,62
1024,92,0.49042911473607037,2.0257336481047408,56
1024,93,0.49665314943792765,2.0089505469798112,62
1024,94,0.5188362964320625,1.9505567819912888,57
1024,95,0.4998625366568915,2.000366611928382,58
1024,96,0.4825402462121212,2.0472704099965116,58
1024,97,0.5189145741691105,1.9503545112552136,60
1024,98,0.49915421859726294,2.002257047024546,65
1024,99,0.4889972049120235,2.029620590920544,62
